{
  "name": "browserTab",
  "author": "椽承设计",
  "url": "https://github.com/leolee9086/browserTab",
  "version": "0.0.4",
  "displayName": {
    "default": "browserTab",
    "zh_CN": "browserTab"
  },
  "description": {
    "default": "This is a plugin to use siyuan like a browser",
    "zh_CN": "把思源当成一个简单的浏览器使用"
  },
  "readme": {
    "default": "README_zh_CN.md",
    "en_US": "README_zh_CN.md",
    "zh_CN": "README.md"
  },
  "i18n": [
    "en_US",
    "zh_CN"
  ],
  "funding": {
    "custom": [
      "https://afdian.net/a/leolee9086"
    ]
  }
}
